Method,Dataset,Pruning_Power
isax,ArrowHead,0.8817460317460317
sfa_equi-width_True,ArrowHead,0.9457142857142857
sfa_equi-width_False,ArrowHead,0.94
sfa_equi-depth_True,ArrowHead,0.9349206349206349
sfa_equi-depth_False,ArrowHead,0.9317460317460318
isax,Beef,0.9277777777777778
sfa_equi-width_True,Beef,0.9433333333333334
sfa_equi-width_False,Beef,0.9433333333333334
sfa_equi-depth_True,Beef,0.94
sfa_equi-depth_False,Beef,0.94
isax,BeetleFly,0.675
sfa_equi-width_True,BeetleFly,0.8025
sfa_equi-width_False,BeetleFly,0.78
sfa_equi-depth_True,BeetleFly,0.755
sfa_equi-depth_False,BeetleFly,0.7225
isax,BirdChicken,0.9125
sfa_equi-width_True,BirdChicken,0.9450000000000001
sfa_equi-width_False,BirdChicken,0.9425
sfa_equi-depth_True,BirdChicken,0.925
sfa_equi-depth_False,BirdChicken,0.925
isax,BME,0.904888888888889
sfa_equi-width_True,BME,0.9333333333333333
sfa_equi-width_False,BME,0.9337777777777778
sfa_equi-depth_True,BME,0.920888888888889
sfa_equi-depth_False,BME,0.9213333333333333
isax,Car,0.9363888888888889
sfa_equi-width_True,Car,0.9619444444444445
sfa_equi-width_False,Car,0.9619444444444445
sfa_equi-depth_True,Car,0.96
sfa_equi-depth_False,Car,0.96
isax,CBF,0.7016666666666667
sfa_equi-width_True,CBF,0.7625185185185185
sfa_equi-width_False,CBF,0.7624074074074074
sfa_equi-depth_True,CBF,0.7327407407407407
sfa_equi-depth_False,CBF,0.7327037037037037
isax,Chinatown,0.9030612244897959
sfa_equi-width_True,Chinatown,0.917201166180758
sfa_equi-width_False,Chinatown,0.918804664723032
sfa_equi-depth_True,Chinatown,0.8864431486880466
sfa_equi-depth_False,Chinatown,0.8934402332361516
isax,ChlorineConcentration,0.9306338106709494
sfa_equi-width_True,ChlorineConcentration,0.9601027168094219
sfa_equi-width_False,ChlorineConcentration,0.9550332351891507
sfa_equi-depth_True,ChlorineConcentration,0.9603207530335476
sfa_equi-depth_False,ChlorineConcentration,0.9554559243397573
isax,CinCECGTorso,0.7050543478260869
sfa_equi-width_True,CinCECGTorso,0.7660144927536232
sfa_equi-width_False,CinCECGTorso,0.7548550724637682
sfa_equi-depth_True,CinCECGTorso,0.7518840579710144
sfa_equi-depth_False,CinCECGTorso,0.7403623188405797
isax,Coffee,0.7244897959183673
sfa_equi-width_True,Coffee,0.860969387755102
sfa_equi-width_False,Coffee,0.8635204081632653
sfa_equi-depth_True,Coffee,0.8278061224489796
sfa_equi-depth_False,Coffee,0.822704081632653
isax,Computers,0.7163039999999999
sfa_equi-width_True,Computers,0.782384
sfa_equi-width_False,Computers,0.782384
sfa_equi-depth_True,Computers,0.78048
sfa_equi-depth_False,Computers,0.78048
isax,CricketX,0.8497107166337936
sfa_equi-width_True,CricketX,0.8961143984220907
sfa_equi-width_False,CricketX,0.8961143984220907
sfa_equi-depth_True,CricketX,0.894181459566075
sfa_equi-depth_False,CricketX,0.894181459566075
isax,CricketY,0.8989546351084813
sfa_equi-width_True,CricketY,0.9365023011176857
sfa_equi-width_False,CricketY,0.9365023011176857
sfa_equi-depth_True,CricketY,0.936232741617357
sfa_equi-depth_False,CricketY,0.936232741617357
isax,CricketZ,0.8498159105851414
sfa_equi-width_True,CricketZ,0.8998159105851413
sfa_equi-width_False,CricketZ,0.8998159105851413
sfa_equi-depth_True,CricketZ,0.8987310979618672
sfa_equi-depth_False,CricketZ,0.8987310979618672
isax,Crop,0.9918778191137566
sfa_equi-width_True,Crop,0.9940272982804232
sfa_equi-width_False,Crop,0.9938419229497355
sfa_equi-depth_True,Crop,0.994289558531746
sfa_equi-depth_False,Crop,0.9941085400132276
isax,DiatomSizeReduction,0.8551879084967321
sfa_equi-width_True,DiatomSizeReduction,0.9168709150326798
sfa_equi-width_False,DiatomSizeReduction,0.9168709150326798
sfa_equi-depth_True,DiatomSizeReduction,0.8972630718954249
sfa_equi-depth_False,DiatomSizeReduction,0.8964460784313726
isax,DistalPhalanxOutlineAgeGroup,0.9452697841726618
sfa_equi-width_True,DistalPhalanxOutlineAgeGroup,0.9789748201438849
sfa_equi-width_False,DistalPhalanxOutlineAgeGroup,0.9801978417266187
sfa_equi-depth_True,DistalPhalanxOutlineAgeGroup,0.9796402877697842
sfa_equi-depth_False,DistalPhalanxOutlineAgeGroup,0.980863309352518
isax,DistalPhalanxOutlineCorrect,0.9595833333333333
sfa_equi-width_True,DistalPhalanxOutlineCorrect,0.9820591787439613
sfa_equi-width_False,DistalPhalanxOutlineCorrect,0.9822705314009662
sfa_equi-depth_True,DistalPhalanxOutlineCorrect,0.9854166666666666
sfa_equi-depth_False,DistalPhalanxOutlineCorrect,0.9853683574879227
isax,DistalPhalanxTW,0.9431654676258993
sfa_equi-width_True,DistalPhalanxTW,0.9780935251798561
sfa_equi-width_False,DistalPhalanxTW,0.9786690647482015
sfa_equi-depth_True,DistalPhalanxTW,0.9787769784172662
sfa_equi-depth_False,DistalPhalanxTW,0.979658273381295
isax,DodgerLoopDay,0.3282051282051282
sfa_equi-width_True,DodgerLoopDay,0.3871794871794872
sfa_equi-width_False,DodgerLoopDay,0.38669871794871796
sfa_equi-depth_True,DodgerLoopDay,0.3766025641025641
sfa_equi-depth_False,DodgerLoopDay,0.3753205128205128
isax,DodgerLoopGame,0.2536231884057971
sfa_equi-width_True,DodgerLoopGame,0.3184782608695652
sfa_equi-width_False,DodgerLoopGame,0.3177536231884058
sfa_equi-depth_True,DodgerLoopGame,0.2510869565217391
sfa_equi-depth_False,DodgerLoopGame,0.25434782608695655
isax,DodgerLoopWeekend,0.3427536231884058
sfa_equi-width_True,DodgerLoopWeekend,0.4032608695652174
sfa_equi-width_False,DodgerLoopWeekend,0.4032608695652174
sfa_equi-depth_True,DodgerLoopWeekend,0.35253623188405797
sfa_equi-depth_False,DodgerLoopWeekend,0.35833333333333334
isax,Earthquakes,0.0
sfa_equi-width_True,Earthquakes,0.0
sfa_equi-width_False,Earthquakes,0.0
sfa_equi-depth_True,Earthquakes,0.0
sfa_equi-depth_False,Earthquakes,0.0
isax,ECG200,0.8958
sfa_equi-width_True,ECG200,0.909
sfa_equi-width_False,ECG200,0.9068
sfa_equi-depth_True,ECG200,0.909
sfa_equi-depth_False,ECG200,0.9067000000000001
isax,ECG5000,0.9425782222222222
sfa_equi-width_True,ECG5000,0.961336
sfa_equi-width_False,ECG5000,0.9668031111111111
sfa_equi-depth_True,ECG5000,0.9638568888888889
sfa_equi-depth_False,ECG5000,0.9692133333333333
isax,ECGFiveDays,0.6423269201636116
sfa_equi-width_True,ECGFiveDays,0.7878099277887189
sfa_equi-width_False,ECGFiveDays,0.7489774276624754
sfa_equi-depth_True,ECGFiveDays,0.7504923496439934
sfa_equi-depth_False,ECGFiveDays,0.7114073625208303
isax,EOGHorizontalSignal,0.9703916241872957
sfa_equi-width_True,EOGHorizontalSignal,0.9813879307713439
sfa_equi-width_False,EOGHorizontalSignal,0.9814337169195079
sfa_equi-depth_True,EOGHorizontalSignal,0.9818381612282896
sfa_equi-depth_False,EOGHorizontalSignal,0.9819526265986996
isax,EOGVerticalSignal,0.9537254662556087
sfa_equi-width_True,EOGVerticalSignal,0.9738942645218399
sfa_equi-width_False,EOGVerticalSignal,0.9741003021885778
sfa_equi-depth_True,EOGVerticalSignal,0.9742910778059277
sfa_equi-depth_False,EOGVerticalSignal,0.9745581636702175
isax,EthanolLevel,0.9071309523809523
sfa_equi-width_True,EthanolLevel,0.9817420634920635
sfa_equi-width_False,EthanolLevel,0.9507936507936507
sfa_equi-depth_True,EthanolLevel,0.9826626984126984
sfa_equi-depth_False,EthanolLevel,0.9533095238095237
isax,FaceAll,0.5044505494505495
sfa_equi-width_True,FaceAll,0.8171111580726966
sfa_equi-width_False,FaceAll,0.6089158918005072
sfa_equi-depth_True,FaceAll,0.8156635672020288
sfa_equi-depth_False,FaceAll,0.6079469568892646
isax,FaceFour,0.2012310606060606
sfa_equi-width_True,FaceFour,0.5899621212121212
sfa_equi-width_False,FaceFour,0.29829545454545453
sfa_equi-depth_True,FaceFour,0.5449810606060607
sfa_equi-depth_False,FaceFour,0.26704545454545453
isax,FacesUCR,0.49617560975609754
sfa_equi-width_True,FacesUCR,0.8023512195121951
sfa_equi-width_False,FacesUCR,0.5902487804878048
sfa_equi-depth_True,FacesUCR,0.7995024390243902
sfa_equi-depth_False,FacesUCR,0.5867829268292682
isax,FiftyWords,0.9807081807081807
sfa_equi-width_True,FiftyWords,0.9911794871794871
sfa_equi-width_False,FiftyWords,0.9911794871794871
sfa_equi-depth_True,FiftyWords,0.9910378510378509
sfa_equi-depth_False,FiftyWords,0.9910378510378509
isax,Fish,0.939134693877551
sfa_equi-width_True,Fish,0.970612244897959
sfa_equi-width_False,Fish,0.9725061224489795
sfa_equi-depth_True,Fish,0.9709061224489796
sfa_equi-depth_False,Fish,0.972604081632653
isax,FordA,0.0
sfa_equi-width_True,FordA,0.7317725295162119
sfa_equi-width_False,FordA,0.0
sfa_equi-depth_True,FordA,0.7245622007354859
sfa_equi-depth_False,FordA,0.0
isax,FordB,0.0
sfa_equi-width_True,FordB,0.7346079669695365
sfa_equi-width_False,FordB,0.0
sfa_equi-depth_True,FordB,0.7328528840538375
sfa_equi-depth_False,FordB,0.0
isax,FreezerRegularTrain,0.941246783625731
sfa_equi-width_True,FreezerRegularTrain,0.9470947368421052
sfa_equi-width_False,FreezerRegularTrain,0.9472959064327485
sfa_equi-depth_True,FreezerRegularTrain,0.9475672514619883
sfa_equi-depth_False,FreezerRegularTrain,0.9476608187134502
isax,FreezerSmallTrain,0.8746741854636592
sfa_equi-width_True,FreezerSmallTrain,0.8835714285714286
sfa_equi-width_False,FreezerSmallTrain,0.8836340852130327
sfa_equi-depth_True,FreezerSmallTrain,0.8796115288220552
sfa_equi-depth_False,FreezerSmallTrain,0.8797994987468672
isax,Fungi,0.9121863799283153
sfa_equi-width_True,Fungi,0.9316009557945041
sfa_equi-width_False,Fungi,0.9316009557945041
sfa_equi-depth_True,Fungi,0.9283154121863799
sfa_equi-depth_False,Fungi,0.9283154121863799
isax,GestureMidAirD1,0.9836908284023669
sfa_equi-width_True,GestureMidAirD1,0.989164201183432
sfa_equi-width_False,GestureMidAirD1,0.9892011834319526
sfa_equi-depth_True,GestureMidAirD1,0.9893121301775148
sfa_equi-depth_False,GestureMidAirD1,0.9888683431952663
isax,GestureMidAirD2,0.9666420118343195
sfa_equi-width_True,GestureMidAirD2,0.9771079881656805
sfa_equi-width_False,GestureMidAirD2,0.9777366863905326
sfa_equi-depth_True,GestureMidAirD2,0.978439349112426
sfa_equi-depth_False,GestureMidAirD2,0.9790310650887574
isax,GestureMidAirD3,0.985207100591716
sfa_equi-width_True,GestureMidAirD3,0.9887943786982248
sfa_equi-width_False,GestureMidAirD3,0.9887943786982248
sfa_equi-depth_True,GestureMidAirD3,0.988905325443787
sfa_equi-depth_False,GestureMidAirD3,0.9889423076923077
isax,GesturePebbleZ1,0.5614429175475687
sfa_equi-width_True,GesturePebbleZ1,0.6564041578576463
sfa_equi-width_False,GesturePebbleZ1,0.6564041578576463
sfa_equi-depth_True,GesturePebbleZ1,0.6515151515151515
sfa_equi-depth_False,GesturePebbleZ1,0.6515151515151515
isax,GesturePebbleZ2,0.5573955262701578
sfa_equi-width_True,GesturePebbleZ2,0.6627362580197677
sfa_equi-width_False,GesturePebbleZ2,0.6631264088780995
sfa_equi-depth_True,GesturePebbleZ2,0.6576209467660828
sfa_equi-depth_False,GesturePebbleZ2,0.657837697242934
isax,GunPoint,0.9585333333333333
sfa_equi-width_True,GunPoint,0.9698666666666668
sfa_equi-width_False,GunPoint,0.9698666666666668
sfa_equi-depth_True,GunPoint,0.9677333333333333
sfa_equi-depth_False,GunPoint,0.9677333333333333
isax,GunPointAgeSpan,0.9838724800750117
sfa_equi-width_True,GunPointAgeSpan,0.9875058602906703
sfa_equi-width_False,GunPointAgeSpan,0.9875058602906703
sfa_equi-depth_True,GunPointAgeSpan,0.987740271917487
sfa_equi-depth_False,GunPointAgeSpan,0.987740271917487
isax,GunPointMaleVersusFemale,0.9836849507735583
sfa_equi-width_True,GunPointMaleVersusFemale,0.988021565869667
sfa_equi-width_False,GunPointMaleVersusFemale,0.988021565869667
sfa_equi-depth_True,GunPointMaleVersusFemale,0.9879043600562588
sfa_equi-depth_False,GunPointMaleVersusFemale,0.9879043600562588
isax,GunPointOldVersusYoung,0.9827731092436974
sfa_equi-width_True,GunPointOldVersusYoung,0.9876517273576096
sfa_equi-width_False,GunPointOldVersusYoung,0.9876517273576096
sfa_equi-depth_True,GunPointOldVersusYoung,0.9877450980392156
sfa_equi-depth_False,GunPointOldVersusYoung,0.9877450980392156
isax,Ham,0.3791175185670599
sfa_equi-width_True,Ham,0.525469637396243
sfa_equi-width_False,Ham,0.525644386194845
sfa_equi-depth_True,Ham,0.5198776758409787
sfa_equi-depth_False,Ham,0.5187418086500656
isax,HandOutlines,0.9847594594594594
sfa_equi-width_True,HandOutlines,0.9944189189189189
sfa_equi-width_False,HandOutlines,0.9950243243243243
sfa_equi-depth_True,HandOutlines,0.9970864864864865
sfa_equi-depth_False,HandOutlines,0.9974162162162161
isax,Haptics,0.9191663175534144
sfa_equi-width_True,Haptics,0.9557394218684542
sfa_equi-width_False,Haptics,0.9557394218684542
sfa_equi-depth_True,Haptics,0.9569962295768747
sfa_equi-depth_False,Haptics,0.9569962295768747
isax,Herring,0.8671875
sfa_equi-width_True,Herring,0.92724609375
sfa_equi-width_False,Herring,0.92919921875
sfa_equi-depth_True,Herring,0.922119140625
sfa_equi-depth_False,Herring,0.922607421875
isax,HouseTwenty,0.32142857142857145
sfa_equi-width_True,HouseTwenty,0.3836134453781513
sfa_equi-width_False,HouseTwenty,0.3836134453781513
sfa_equi-depth_True,HouseTwenty,0.344327731092437
sfa_equi-depth_False,HouseTwenty,0.344327731092437
isax,InlineSkate,0.9799818181818182
sfa_equi-width_True,InlineSkate,0.9856909090909091
sfa_equi-width_False,InlineSkate,0.9856909090909091
sfa_equi-depth_True,InlineSkate,0.9858909090909092
sfa_equi-depth_False,InlineSkate,0.9858909090909092
isax,InsectEPGRegularTrain,0.919937815779246
sfa_equi-width_True,InsectEPGRegularTrain,0.934641792978365
sfa_equi-width_False,InsectEPGRegularTrain,0.935613421427646
sfa_equi-depth_True,InsectEPGRegularTrain,0.9313382562508097
sfa_equi-depth_False,InsectEPGRegularTrain,0.932568985619899
isax,InsectEPGSmallTrain,0.8362863217576187
sfa_equi-width_True,InsectEPGSmallTrain,0.8606189463737303
sfa_equi-width_False,InsectEPGSmallTrain,0.8599102291519017
sfa_equi-depth_True,InsectEPGSmallTrain,0.8270729978738484
sfa_equi-depth_False,InsectEPGSmallTrain,0.8266005197259627
isax,InsectWingbeatSound,0.9463475665748393
sfa_equi-width_True,InsectWingbeatSound,0.9694467401285584
sfa_equi-width_False,InsectWingbeatSound,0.9667837465564738
sfa_equi-depth_True,InsectWingbeatSound,0.969127640036731
sfa_equi-depth_False,InsectWingbeatSound,0.9666850321395776
isax,ItalyPowerDemand,0.9561376789521779
sfa_equi-width_True,ItalyPowerDemand,0.9659718898220269
sfa_equi-width_False,ItalyPowerDemand,0.9639847410179424
sfa_equi-depth_True,ItalyPowerDemand,0.9623602106087638
sfa_equi-depth_False,ItalyPowerDemand,0.9601554907677357
isax,LargeKitchenAppliances,0.33634844444444445
sfa_equi-width_True,LargeKitchenAppliances,0.444544
sfa_equi-width_False,LargeKitchenAppliances,0.4464924444444444
sfa_equi-depth_True,LargeKitchenAppliances,0.4426168888888889
sfa_equi-depth_False,LargeKitchenAppliances,0.4447928888888889
isax,Lightning2,0.5292349726775957
sfa_equi-width_True,Lightning2,0.5800546448087431
sfa_equi-width_False,Lightning2,0.5860655737704918
sfa_equi-depth_True,Lightning2,0.5699453551912568
sfa_equi-depth_False,Lightning2,0.5770491803278689
isax,Lightning7,0.6070450097847359
sfa_equi-width_True,Lightning7,0.6585127201565558
sfa_equi-width_False,Lightning7,0.6585127201565558
sfa_equi-depth_True,Lightning7,0.6475538160469667
sfa_equi-depth_False,Lightning7,0.6475538160469667
isax,Mallat,0.8119247916262841
sfa_equi-width_True,Mallat,0.8603527815468113
sfa_equi-width_False,Mallat,0.8582205853847644
sfa_equi-depth_True,Mallat,0.8536925760806358
sfa_equi-depth_False,Mallat,0.8521108742004264
isax,Meat,0.6733333333333333
sfa_equi-width_True,Meat,0.9338888888888889
sfa_equi-width_False,Meat,0.9316666666666666
sfa_equi-depth_True,Meat,0.9141666666666667
sfa_equi-depth_False,Meat,0.9111111111111111
isax,MedicalImages,0.9571453239397707
sfa_equi-width_True,MedicalImages,0.983454206382097
sfa_equi-width_False,MedicalImages,0.9842761431136897
sfa_equi-depth_True,MedicalImages,0.9841380024865313
sfa_equi-depth_False,MedicalImages,0.9849254040613344
isax,MiddlePhalanxOutlineAgeGroup,0.9513474025974026
sfa_equi-width_True,MiddlePhalanxOutlineAgeGroup,0.9820292207792207
sfa_equi-width_False,MiddlePhalanxOutlineAgeGroup,0.9819642857142857
sfa_equi-depth_True,MiddlePhalanxOutlineAgeGroup,0.9813961038961039
sfa_equi-depth_False,MiddlePhalanxOutlineAgeGroup,0.9812987012987013
isax,MiddlePhalanxOutlineCorrect,0.9624799541809851
sfa_equi-width_True,MiddlePhalanxOutlineCorrect,0.9868613974799542
sfa_equi-width_False,MiddlePhalanxOutlineCorrect,0.9868785796105384
sfa_equi-depth_True,MiddlePhalanxOutlineCorrect,0.986758304696449
sfa_equi-depth_False,MiddlePhalanxOutlineCorrect,0.986786941580756
isax,MiddlePhalanxTW,0.9407447189402077
sfa_equi-width_True,MiddlePhalanxTW,0.9781596849266023
sfa_equi-width_False,MiddlePhalanxTW,0.9778992936887675
sfa_equi-depth_True,MiddlePhalanxTW,0.9779643914982261
sfa_equi-depth_False,MiddlePhalanxTW,0.9777528236174854
isax,MixedShapesRegularTrain,0.9897336082474226
sfa_equi-width_True,MixedShapesRegularTrain,0.9942490721649484
sfa_equi-width_False,MixedShapesRegularTrain,0.9942490721649484
sfa_equi-depth_True,MixedShapesRegularTrain,0.9946160824742267
sfa_equi-depth_False,MixedShapesRegularTrain,0.9946160824742267
isax,MixedShapesSmallTrain,0.9701237113402063
sfa_equi-width_True,MixedShapesSmallTrain,0.9819422680412372
sfa_equi-width_False,MixedShapesSmallTrain,0.9819422680412372
sfa_equi-depth_True,MixedShapesSmallTrain,0.9819298969072165
sfa_equi-depth_False,MixedShapesSmallTrain,0.9819298969072165
isax,MoteStrain,0.6450479233226837
sfa_equi-width_True,MoteStrain,0.6821485623003195
sfa_equi-width_False,MoteStrain,0.68314696485623
sfa_equi-depth_True,MoteStrain,0.6351837060702875
sfa_equi-depth_False,MoteStrain,0.6394568690095846
isax,NonInvasiveFetalECGThorax1,0.968349165959853
sfa_equi-width_True,NonInvasiveFetalECGThorax1,0.9798668363019508
sfa_equi-width_False,NonInvasiveFetalECGThorax1,0.9796132315521628
sfa_equi-depth_True,NonInvasiveFetalECGThorax1,0.9817565733672603
sfa_equi-depth_False,NonInvasiveFetalECGThorax1,0.9815832626519649
isax,NonInvasiveFetalECGThorax2,0.9806850438224484
sfa_equi-width_True,NonInvasiveFetalECGThorax2,0.9863664122137404
sfa_equi-width_False,NonInvasiveFetalECGThorax2,0.9863319197059655
sfa_equi-depth_True,NonInvasiveFetalECGThorax2,0.9877791914051456
sfa_equi-depth_False,NonInvasiveFetalECGThorax2,0.9878951088493073
isax,OliveOil,0.19111111111111112
sfa_equi-width_True,OliveOil,0.7877777777777778
sfa_equi-width_False,OliveOil,0.8011111111111111
sfa_equi-depth_True,OliveOil,0.7144444444444444
sfa_equi-depth_False,OliveOil,0.72
isax,OSULeaf,0.9510950413223141
sfa_equi-width_True,OSULeaf,0.9813016528925621
sfa_equi-width_False,OSULeaf,0.9813016528925621
sfa_equi-depth_True,OSULeaf,0.9811776859504133
sfa_equi-depth_False,OSULeaf,0.9811776859504133
isax,PhalangesOutlinesCorrect,0.9811642061642061
sfa_equi-width_True,PhalangesOutlinesCorrect,0.9916789691789691
sfa_equi-width_False,PhalangesOutlinesCorrect,0.9918142968142968
sfa_equi-depth_True,PhalangesOutlinesCorrect,0.9937995337995338
sfa_equi-depth_False,PhalangesOutlinesCorrect,0.9940112665112665
isax,Phoneme,0.009646476596080287
sfa_equi-width_True,Phoneme,0.04565686738436058
sfa_equi-width_False,Phoneme,0.022792696872905083
sfa_equi-depth_True,Phoneme,0.03488406482905477
sfa_equi-depth_False,Phoneme,0.018344079025198155
isax,PickupGestureWiimoteZ,0.8604
sfa_equi-width_True,PickupGestureWiimoteZ,0.9108
sfa_equi-width_False,PickupGestureWiimoteZ,0.9108
sfa_equi-depth_True,PickupGestureWiimoteZ,0.9056000000000001
sfa_equi-depth_False,PickupGestureWiimoteZ,0.9056000000000001
isax,PigAirwayPressure,0.9414755917159763
sfa_equi-width_True,PigAirwayPressure,0.9451275887573964
sfa_equi-width_False,PigAirwayPressure,0.9452200443786982
sfa_equi-depth_True,PigAirwayPressure,0.9446653106508875
sfa_equi-depth_False,PigAirwayPressure,0.9446653106508875
isax,PigArtPressure,0.2782451923076923
sfa_equi-width_True,PigArtPressure,0.8968195266272189
sfa_equi-width_False,PigArtPressure,0.040865384615384616
sfa_equi-depth_True,PigArtPressure,0.8933986686390533
sfa_equi-depth_False,PigArtPressure,0.03591900887573964
isax,PigCVP,0.4918639053254438
sfa_equi-width_True,PigCVP,0.6128420857988166
sfa_equi-width_False,PigCVP,0.5030510355029586
sfa_equi-depth_True,PigCVP,0.603180473372781
sfa_equi-depth_False,PigCVP,0.5002773668639053
isax,PLAID,0.68245199726739
sfa_equi-width_True,PLAID,0.7161414715173962
sfa_equi-width_False,PLAID,0.7148965388096502
sfa_equi-depth_True,PLAID,0.7179065710946739
sfa_equi-depth_False,PLAID,0.7168697051347406
isax,Plane,0.9589115646258504
sfa_equi-width_True,Plane,0.9732426303854875
sfa_equi-width_False,Plane,0.9733333333333334
sfa_equi-depth_True,Plane,0.9731519274376418
sfa_equi-depth_False,Plane,0.9736961451247166
isax,PowerCons,0.8019135802469136
sfa_equi-width_True,PowerCons,0.8690740740740741
sfa_equi-width_False,PowerCons,0.8690740740740741
sfa_equi-depth_True,PowerCons,0.865895061728395
sfa_equi-depth_False,PowerCons,0.865895061728395
isax,ProximalPhalanxOutlineAgeGroup,0.9387439024390244
sfa_equi-width_True,ProximalPhalanxOutlineAgeGroup,0.9799878048780488
sfa_equi-width_False,ProximalPhalanxOutlineAgeGroup,0.9796951219512195
sfa_equi-depth_True,ProximalPhalanxOutlineAgeGroup,0.9776951219512195
sfa_equi-depth_False,ProximalPhalanxOutlineAgeGroup,0.9773048780487805
isax,ProximalPhalanxOutlineCorrect,0.9460481099656357
sfa_equi-width_True,ProximalPhalanxOutlineCorrect,0.9803493699885452
sfa_equi-width_False,ProximalPhalanxOutlineCorrect,0.9803150057273768
sfa_equi-depth_True,ProximalPhalanxOutlineCorrect,0.9798396334478808
sfa_equi-depth_False,ProximalPhalanxOutlineCorrect,0.9797422680412371
isax,ProximalPhalanxTW,0.9374024390243902
sfa_equi-width_True,ProximalPhalanxTW,0.9792804878048781
sfa_equi-width_False,ProximalPhalanxTW,0.9791829268292683
sfa_equi-depth_True,ProximalPhalanxTW,0.9774878048780489
sfa_equi-depth_False,ProximalPhalanxTW,0.9771829268292683
isax,RefrigerationDevices,0.008462222222222222
sfa_equi-width_True,RefrigerationDevices,0.02592
sfa_equi-width_False,RefrigerationDevices,0.022620444444444443
sfa_equi-depth_True,RefrigerationDevices,0.018872888888888887
sfa_equi-depth_False,RefrigerationDevices,0.017699555555555555
isax,Rock,0.895
sfa_equi-width_True,Rock,0.905
sfa_equi-width_False,Rock,0.908
sfa_equi-depth_True,Rock,0.891
sfa_equi-depth_False,Rock,0.9
isax,ScreenType,0.7837013333333334
sfa_equi-width_True,ScreenType,0.8422186666666667
sfa_equi-width_False,ScreenType,0.8422186666666667
sfa_equi-depth_True,ScreenType,0.8416
sfa_equi-depth_False,ScreenType,0.8416
isax,SemgHandGenderCh2,0.00618888888888889
sfa_equi-width_True,SemgHandGenderCh2,0.011122222222222223
sfa_equi-width_False,SemgHandGenderCh2,0.007166666666666667
sfa_equi-depth_True,SemgHandGenderCh2,0.011022222222222223
sfa_equi-depth_False,SemgHandGenderCh2,0.00715
isax,SemgHandMovementCh2,0.00802962962962963
sfa_equi-width_True,SemgHandMovementCh2,0.01368888888888889
sfa_equi-width_False,SemgHandMovementCh2,0.009140740740740741
sfa_equi-depth_True,SemgHandMovementCh2,0.013634567901234568
sfa_equi-depth_False,SemgHandMovementCh2,0.00908641975308642
isax,SemgHandSubjectCh2,0.007980246913580248
sfa_equi-width_True,SemgHandSubjectCh2,0.013807407407407407
sfa_equi-width_False,SemgHandSubjectCh2,0.009081481481481482
sfa_equi-depth_True,SemgHandSubjectCh2,0.013669135802469135
sfa_equi-depth_False,SemgHandSubjectCh2,0.009022222222222223
isax,ShakeGestureWiimoteZ,0.6424000000000001
sfa_equi-width_True,ShakeGestureWiimoteZ,0.7176
sfa_equi-width_False,ShakeGestureWiimoteZ,0.658
sfa_equi-depth_True,ShakeGestureWiimoteZ,0.6980000000000001
sfa_equi-depth_False,ShakeGestureWiimoteZ,0.6432
isax,ShapeletSim,0.0
sfa_equi-width_True,ShapeletSim,0.0
sfa_equi-width_False,ShapeletSim,0.0
sfa_equi-depth_True,ShapeletSim,0.0
sfa_equi-depth_False,ShapeletSim,0.0
isax,ShapesAll,0.9898361111111111
sfa_equi-width_True,ShapesAll,0.9951305555555556
sfa_equi-width_False,ShapesAll,0.9951305555555556
sfa_equi-depth_True,ShapesAll,0.9954194444444445
sfa_equi-depth_False,ShapesAll,0.9954194444444445
isax,SmallKitchenAppliances,0.009329777777777777
sfa_equi-width_True,SmallKitchenAppliances,0.012032
sfa_equi-width_False,SmallKitchenAppliances,0.011136
sfa_equi-depth_True,SmallKitchenAppliances,0.011491555555555555
sfa_equi-depth_False,SmallKitchenAppliances,0.010524444444444444
isax,SonyAIBORobotSurface1,0.5410149750415973
sfa_equi-width_True,SonyAIBORobotSurface1,0.6692179700499168
sfa_equi-width_False,SonyAIBORobotSurface1,0.6705490848585691
sfa_equi-depth_True,SonyAIBORobotSurface1,0.6263727121464226
sfa_equi-depth_False,SonyAIBORobotSurface1,0.6198003327787022
isax,SonyAIBORobotSurface2,0.578096459523532
sfa_equi-width_True,SonyAIBORobotSurface2,0.795383001049318
sfa_equi-width_False,SonyAIBORobotSurface2,0.6745559830554585
sfa_equi-depth_True,SonyAIBORobotSurface2,0.7658077804982317
sfa_equi-depth_False,SonyAIBORobotSurface2,0.64020053631806
isax,StarLightCurves,0.9831694997571636
sfa_equi-width_True,StarLightCurves,0.9914955075279261
sfa_equi-width_False,StarLightCurves,0.9918107090820787
sfa_equi-depth_True,StarLightCurves,0.99230403108305
sfa_equi-depth_False,StarLightCurves,0.9926151044196212
isax,Strawberry,0.9818306071160883
sfa_equi-width_True,Strawberry,0.9936510735858206
sfa_equi-width_False,Strawberry,0.993276310568317
sfa_equi-depth_True,Strawberry,0.9943741457607689
sfa_equi-depth_False,Strawberry,0.9938715224196463
isax,SwedishLeaf,0.9405823999999999
sfa_equi-width_True,SwedishLeaf,0.9544895999999999
sfa_equi-width_False,SwedishLeaf,0.9552799999999999
sfa_equi-depth_True,SwedishLeaf,0.956352
sfa_equi-depth_False,SwedishLeaf,0.9571936
isax,Symbols,0.9191557788944724
sfa_equi-width_True,Symbols,0.939497487437186
sfa_equi-width_False,Symbols,0.9429547738693468
sfa_equi-depth_True,Symbols,0.9341105527638192
sfa_equi-depth_False,Symbols,0.937889447236181
isax,SyntheticControl,0.6859333333333334
sfa_equi-width_True,SyntheticControl,0.7010444444444445
sfa_equi-width_False,SyntheticControl,0.7005111111111112
sfa_equi-depth_True,SyntheticControl,0.6988888888888889
sfa_equi-depth_False,SyntheticControl,0.6986666666666667
isax,ToeSegmentation1,0.8216008771929825
sfa_equi-width_True,ToeSegmentation1,0.8890350877192983
sfa_equi-width_False,ToeSegmentation1,0.8832236842105263
sfa_equi-depth_True,ToeSegmentation1,0.8677631578947369
sfa_equi-depth_False,ToeSegmentation1,0.861842105263158
isax,ToeSegmentation2,0.8844017094017094
sfa_equi-width_True,ToeSegmentation2,0.92008547008547
sfa_equi-width_False,ToeSegmentation2,0.9143162393162393
sfa_equi-depth_True,ToeSegmentation2,0.9025641025641026
sfa_equi-depth_False,ToeSegmentation2,0.8978632478632479
isax,Trace,0.9414
sfa_equi-width_True,Trace,0.9496
sfa_equi-width_False,Trace,0.9489000000000001
sfa_equi-depth_True,Trace,0.9491
sfa_equi-depth_False,Trace,0.9487000000000001
isax,TwoLeadECG,0.8934229110203459
sfa_equi-width_True,TwoLeadECG,0.9143413367942894
sfa_equi-width_False,TwoLeadECG,0.9213650417986793
sfa_equi-depth_True,TwoLeadECG,0.8945299080047334
sfa_equi-depth_False,TwoLeadECG,0.9035385731190595
isax,TwoPatterns,0.95372125
sfa_equi-width_True,TwoPatterns,0.98398075
sfa_equi-width_False,TwoPatterns,0.98398075
sfa_equi-depth_True,TwoPatterns,0.983899
sfa_equi-depth_False,TwoPatterns,0.983899
isax,UMD,0.9170524691358024
sfa_equi-width_True,UMD,0.9398148148148148
sfa_equi-width_False,UMD,0.9398148148148148
sfa_equi-depth_True,UMD,0.9347993827160493
sfa_equi-depth_False,UMD,0.9347993827160493
isax,UWaveGestureLibraryAll,0.958934055196618
sfa_equi-width_True,UWaveGestureLibraryAll,0.9764419194185211
sfa_equi-width_False,UWaveGestureLibraryAll,0.9734675984087101
sfa_equi-depth_True,UWaveGestureLibraryAll,0.9764475278176596
sfa_equi-depth_False,UWaveGestureLibraryAll,0.9734074639068357
isax,UWaveGestureLibraryX,0.9916026686009412
sfa_equi-width_True,UWaveGestureLibraryX,0.9952017029592406
sfa_equi-width_False,UWaveGestureLibraryX,0.9953085741206029
sfa_equi-depth_True,UWaveGestureLibraryX,0.9953310077171572
sfa_equi-depth_False,UWaveGestureLibraryX,0.9954279083911621
isax,UWaveGestureLibraryY,0.9936743489271755
sfa_equi-width_True,UWaveGestureLibraryY,0.9962214968692669
sfa_equi-width_False,UWaveGestureLibraryY,0.9963093617891042
sfa_equi-depth_True,UWaveGestureLibraryY,0.9964558033221663
sfa_equi-depth_False,UWaveGestureLibraryY,0.9965495882188721
isax,Wafer,0.9786959766385463
sfa_equi-width_True,Wafer,0.9822811486048021
sfa_equi-width_False,Wafer,0.9823538286826736
sfa_equi-depth_True,Wafer,0.9824831278390656
sfa_equi-depth_False,Wafer,0.9825765736534717
isax,Wine,0.6981806367771279
sfa_equi-width_True,Wine,0.9291747888239116
sfa_equi-width_False,Wine,0.9282001299545158
sfa_equi-depth_True,Wine,0.8973359324236516
sfa_equi-depth_False,Wine,0.8976608187134503
isax,WordSynonyms,0.969227337301727
sfa_equi-width_True,WordSynonyms,0.9843671116433611
sfa_equi-width_False,WordSynonyms,0.9843671116433611
sfa_equi-depth_True,WordSynonyms,0.9841616474704424
sfa_equi-depth_False,WordSynonyms,0.9841616474704424
isax,Worms,0.7808710626390184
sfa_equi-width_True,Worms,0.8232761713424697
sfa_equi-width_False,Worms,0.8318863456985004
sfa_equi-depth_True,Worms,0.8156705173279759
sfa_equi-depth_False,Worms,0.823921934419172
isax,WormsTwoClass,0.7808710626390184
sfa_equi-width_True,WormsTwoClass,0.8232761713424697
sfa_equi-width_False,WormsTwoClass,0.8318863456985004
sfa_equi-depth_True,WormsTwoClass,0.8156705173279759
sfa_equi-depth_False,WormsTwoClass,0.823921934419172
isax,Yoga,0.9893344444444444
sfa_equi-width_True,Yoga,0.9926366666666666
sfa_equi-width_False,Yoga,0.9926366666666666
sfa_equi-depth_True,Yoga,0.9931566666666666
sfa_equi-depth_False,Yoga,0.9931566666666666
